ts_utc,ticker,title,price
2026-07-01T04:00:00+00:00,CONTROLH-2026-D,Democratic Party,0.81
2026-07-02T04:00:00+00:00,CONTROLH-2026-D,Democratic Party,0.82
2026-07-03T04:00:00+00:00,CONTROLH-2026-D,Democratic Party,0.82
2026-07-04T04:00:00+00:00,CONTROLH-2026-D,Democratic Party,0.82
2026-07-05T04:00:00+00:00,CONTROLH-2026-D,Democratic Party,0.81
2026-07-06T04:00:00+00:00,CONTROLH-2026-D,Democratic Party,0.81
2026-07-07T04:00:00+00:00,CONTROLH-2026-D,Democratic Party,0.82
2026-07-08T04:00:00+00:00,CONTROLH-2026-D,Democratic Party,0.82
2026-07-09T04:00:00+00:00,CONTROLH-2026-D,Democratic Party,0.82
2026-07-10T04:00:00+00:00,CONTROLH-2026-D,Democratic Party,0.82
2026-07-11T04:00:00+00:00,CONTROLH-2026-D,Democratic Party,0.81
2026-07-12T04:00:00+00:00,CONTROLH-2026-D,Democratic Party,0.81
2026-07-13T04:00:00+00:00,CONTROLH-2026-D,Democratic Party,0.82
2026-07-14T04:00:00+00:00,CONTROLH-2026-D,Democratic Party,0.81
2026-07-15T04:00:00+00:00,CONTROLH-2026-D,Democratic Party,0.82
2026-07-16T04:00:00+00:00,CONTROLH-2026-D,Democratic Party,0.82
2026-07-17T04:00:00+00:00,CONTROLH-2026-D,Democratic Party,0.82
2026-07-18T04:00:00+00:00,CONTROLH-2026-D,Democratic Party,0.82
2026-07-19T04:00:00+00:00,CONTROLH-2026-D,Democratic Party,0.83
2026-07-20T04:00:00+00:00,CONTROLH-2026-D,Democratic Party,0.83
2026-07-21T04:00:00+00:00,CONTROLH-2026-D,Democratic Party,0.83
2026-07-22T04:00:00+00:00,CONTROLH-2026-D,Democratic Party,0.83
2026-07-23T04:00:00+00:00,CONTROLH-2026-D,Democratic Party,0.83
2026-07-24T04:00:00+00:00,CONTROLH-2026-D,Democratic Party,0.83
2026-07-25T04:00:00+00:00,CONTROLH-2026-D,Democratic Party,0.84
2026-07-26T04:00:00+00:00,CONTROLH-2026-D,Democratic Party,0.84
2026-07-27T04:00:00+00:00,CONTROLH-2026-D,Democratic Party,0.84
2026-07-28T04:00:00+00:00,CONTROLH-2026-D,Democratic Party,0.84
2026-07-29T04:00:00+00:00,CONTROLH-2026-D,Democratic Party,0.84
2026-07-30T04:00:00+00:00,CONTROLH-2026-D,Democratic Party,0.84
2026-07-31T04:00:00+00:00,CONTROLH-2026-D,Democratic Party,0.84
2026-08-01T04:00:00+00:00,CONTROLH-2026-D,Democratic Party,0.83
2026-08-02T04:00:00+00:00,CONTROLH-2026-D,Democratic Party,0.84
2026-08-03T04:00:00+00:00,CONTROLH-2026-D,Democratic Party,0.83
2026-08-04T04:00:00+00:00,CONTROLH-2026-D,Democratic Party,0.83
2026-08-05T04:00:00+00:00,CONTROLH-2026-D,Democratic Party,0.83
2026-08-06T04:00:00+00:00,CONTROLH-2026-D,Democratic Party,0.84
2026-08-07T04:00:00+00:00,CONTROLH-2026-D,Democratic Party,0.83
2026-08-08T04:00:00+00:00,CONTROLH-2026-D,Democratic Party,0.85
2026-08-09T04:00:00+00:00,CONTROLH-2026-D,Democratic Party,0.85
2026-08-10T04:00:00+00:00,CONTROLH-2026-D,Democratic Party,0.85
2026-08-11T04:00:00+00:00,CONTROLH-2026-D,Democratic Party,0.84
2026-08-12T04:00:00+00:00,CONTROLH-2026-D,Democratic Party,0.85
2026-08-13T04:00:00+00:00,CONTROLH-2026-D,Democratic Party,0.85
2026-08-14T04:00:00+00:00,CONTROLH-2026-D,Democratic Party,0.86
2026-08-15T04:00:00+00:00,CONTROLH-2026-D,Democratic Party,0.86
2026-08-16T04:00:00+00:00,CONTROLH-2026-D,Democratic Party,0.86
2026-08-17T04:00:00+00:00,CONTROLH-2026-D,Democratic Party,0.86
2026-08-18T04:00:00+00:00,CONTROLH-2026-D,Democratic Party,0.85
2026-08-19T04:00:00+00:00,CONTROLH-2026-D,Democratic Party,0.86
2026-08-20T04:00:00+00:00,CONTROLH-2026-D,Democratic Party,0.85
2026-08-21T04:00:00+00:00,CONTROLH-2026-D,Democratic Party,0.85
2026-08-22T04:00:00+00:00,CONTROLH-2026-D,Democratic Party,0.85
2026-08-23T04:00:00+00:00,CONTROLH-2026-D,Democratic Party,0.85
2026-08-24T04:00:00+00:00,CONTROLH-2026-D,Democratic Party,0.85
2026-08-25T04:00:00+00:00,CONTROLH-2026-D,Democratic Party,0.86
2026-08-26T04:00:00+00:00,CONTROLH-2026-D,Democratic Party,0.86
2026-08-27T04:00:00+00:00,CONTROLH-2026-D,Democratic Party,0.85
2026-08-28T04:00:00+00:00,CONTROLH-2026-D,Democratic Party,0.84
2026-08-29T04:00:00+00:00,CONTROLH-2026-D,Democratic Party,0.84
2026-08-30T04:00:00+00:00,CONTROLH-2026-D,Democratic Party,0.84
2026-08-31T04:00:00+00:00,CONTROLH-2026-D,Democratic Party,0.85
2026-09-01T04:00:00+00:00,CONTROLH-2026-D,Democratic Party,0.85
2026-09-02T04:00:00+00:00,CONTROLH-2026-D,Democratic Party,0.85
2026-09-03T04:00:00+00:00,CONTROLH-2026-D,Democratic Party,0.85
2026-09-04T04:00:00+00:00,CONTROLH-2026-D,Democratic Party,0.85
2026-09-05T04:00:00+00:00,CONTROLH-2026-D,Democratic Party,0.85
2026-09-06T04:00:00+00:00,CONTROLH-2026-D,Democratic Party,0.85
2026-09-07T04:00:00+00:00,CONTROLH-2026-D,Democratic Party,0.85
2026-09-08T04:00:00+00:00,CONTROLH-2026-D,Democratic Party,0.85
2026-09-09T04:00:00+00:00,CONTROLH-2026-D,Democratic Party,0.85
2026-09-10T04:00:00+00:00,CONTROLH-2026-D,Democratic Party,0.85
2026-09-11T04:00:00+00:00,CONTROLH-2026-D,Democratic Party,0.86
2026-09-12T04:00:00+00:00,CONTROLH-2026-D,Democratic Party,0.86
2026-09-13T04:00:00+00:00,CONTROLH-2026-D,Democratic Party,0.85
2026-09-14T04:00:00+00:00,CONTROLH-2026-D,Democratic Party,0.86
2026-09-15T04:00:00+00:00,CONTROLH-2026-D,Democratic Party,0.86
2026-09-16T04:00:00+00:00,CONTROLH-2026-D,Democratic Party,0.86
2026-09-17T04:00:00+00:00,CONTROLH-2026-D,Democratic Party,0.89
2026-09-18T04:00:00+00:00,CONTROLH-2026-D,Democratic Party,0.9
2026-09-19T04:00:00+00:00,CONTROLH-2026-D,Democratic Party,0.89
2026-09-20T04:00:00+00:00,CONTROLH-2026-D,Democratic Party,0.903
2026-09-21T04:00:00+00:00,CONTROLH-2026-D,Democratic Party,0.914
2026-09-22T04:00:00+00:00,CONTROLH-2026-D,Democratic Party,0.903
2026-09-23T04:00:00+00:00,CONTROLH-2026-D,Democratic Party,0.911
2026-09-24T04:00:00+00:00,CONTROLH-2026-D,Democratic Party,0.918
2026-09-25T04:00:00+00:00,CONTROLH-2026-D,Democratic Party,0.913
2026-09-26T04:00:00+00:00,CONTROLH-2026-D,Democratic Party,0.919
2026-09-27T04:00:00+00:00,CONTROLH-2026-D,Democratic Party,0.918
2026-09-28T04:00:00+00:00,CONTROLH-2026-D,Democratic Party,0.917
2026-09-29T04:00:00+00:00,CONTROLH-2026-D,Democratic Party,0.914
2026-09-30T04:00:00+00:00,CONTROLH-2026-D,Democratic Party,0.915
2026-10-01T04:00:00+00:00,CONTROLH-2026-D,Democratic Party,0.915
2026-10-02T04:00:00+00:00,CONTROLH-2026-D,Democratic Party,0.915
2026-10-03T04:00:00+00:00,CONTROLH-2026-D,Democratic Party,0.918
2026-10-04T04:00:00+00:00,CONTROLH-2026-D,Democratic Party,0.919
2026-10-05T04:00:00+00:00,CONTROLH-2026-D,Democratic Party,0.915
2026-10-06T04:00:00+00:00,CONTROLH-2026-D,Democratic Party,0.914
2026-07-01T04:00:00+00:00,CONTROLH-2026-R,Republican Party,0.19
2026-07-02T04:00:00+00:00,CONTROLH-2026-R,Republican Party,0.19
2026-07-03T04:00:00+00:00,CONTROLH-2026-R,Republican Party,0.19
2026-07-04T04:00:00+00:00,CONTROLH-2026-R,Republican Party,0.18
2026-07-05T04:00:00+00:00,CONTROLH-2026-R,Republican Party,0.19
2026-07-06T04:00:00+00:00,CONTROLH-2026-R,Republican Party,0.19
2026-07-07T04:00:00+00:00,CONTROLH-2026-R,Republican Party,0.18
2026-07-08T04:00:00+00:00,CONTROLH-2026-R,Republican Party,0.19
2026-07-09T04:00:00+00:00,CONTROLH-2026-R,Republican Party,0.18
2026-07-10T04:00:00+00:00,CONTROLH-2026-R,Republican Party,0.18
2026-07-11T04:00:00+00:00,CONTROLH-2026-R,Republican Party,0.19
2026-07-12T04:00:00+00:00,CONTROLH-2026-R,Republican Party,0.18
2026-07-13T04:00:00+00:00,CONTROLH-2026-R,Republican Party,0.19
2026-07-14T04:00:00+00:00,CONTROLH-2026-R,Republican Party,0.19
2026-07-15T04:00:00+00:00,CONTROLH-2026-R,Republican Party,0.19
2026-07-16T04:00:00+00:00,CONTROLH-2026-R,Republican Party,0.19
2026-07-17T04:00:00+00:00,CONTROLH-2026-R,Republican Party,0.18
2026-07-18T04:00:00+00:00,CONTROLH-2026-R,Republican Party,0.19
2026-07-19T04:00:00+00:00,CONTROLH-2026-R,Republican Party,0.18
2026-07-20T04:00:00+00:00,CONTROLH-2026-R,Republican Party,0.18
2026-07-21T04:00:00+00:00,CONTROLH-2026-R,Republican Party,0.18
2026-07-22T04:00:00+00:00,CONTROLH-2026-R,Republican Party,0.17
2026-07-23T04:00:00+00:00,CONTROLH-2026-R,Republican Party,0.17
2026-07-24T04:00:00+00:00,CONTROLH-2026-R,Republican Party,0.18
2026-07-25T04:00:00+00:00,CONTROLH-2026-R,Republican Party,0.16
2026-07-26T04:00:00+00:00,CONTROLH-2026-R,Republican Party,0.17
2026-07-27T04:00:00+00:00,CONTROLH-2026-R,Republican Party,0.17
2026-07-28T04:00:00+00:00,CONTROLH-2026-R,Republican Party,0.17
2026-07-29T04:00:00+00:00,CONTROLH-2026-R,Republican Party,0.17
2026-07-30T04:00:00+00:00,CONTROLH-2026-R,Republican Party,0.17
2026-07-31T04:00:00+00:00,CONTROLH-2026-R,Republican Party,0.17
2026-08-01T04:00:00+00:00,CONTROLH-2026-R,Republican Party,0.17
2026-08-02T04:00:00+00:00,CONTROLH-2026-R,Republican Party,0.17
2026-08-03T04:00:00+00:00,CONTROLH-2026-R,Republican Party,0.17
2026-08-04T04:00:00+00:00,CONTROLH-2026-R,Republican Party,0.17
2026-08-05T04:00:00+00:00,CONTROLH-2026-R,Republican Party,0.17
2026-08-06T04:00:00+00:00,CONTROLH-2026-R,Republican Party,0.16
2026-08-07T04:00:00+00:00,CONTROLH-2026-R,Republican Party,0.17
2026-08-08T04:00:00+00:00,CONTROLH-2026-R,Republican Party,0.16
2026-08-09T04:00:00+00:00,CONTROLH-2026-R,Republican Party,0.16
2026-08-10T04:00:00+00:00,CONTROLH-2026-R,Republican Party,0.16
2026-08-11T04:00:00+00:00,CONTROLH-2026-R,Republican Party,0.15
2026-08-12T04:00:00+00:00,CONTROLH-2026-R,Republican Party,0.15
2026-08-13T04:00:00+00:00,CONTROLH-2026-R,Republican Party,0.15
2026-08-14T04:00:00+00:00,CONTROLH-2026-R,Republican Party,0.14
2026-08-15T04:00:00+00:00,CONTROLH-2026-R,Republican Party,0.15
2026-08-16T04:00:00+00:00,CONTROLH-2026-R,Republican Party,0.14
2026-08-17T04:00:00+00:00,CONTROLH-2026-R,Republican Party,0.15
2026-08-18T04:00:00+00:00,CONTROLH-2026-R,Republican Party,0.14
2026-08-19T04:00:00+00:00,CONTROLH-2026-R,Republican Party,0.15
2026-08-20T04:00:00+00:00,CONTROLH-2026-R,Republican Party,0.15
2026-08-21T04:00:00+00:00,CONTROLH-2026-R,Republican Party,0.15
2026-08-22T04:00:00+00:00,CONTROLH-2026-R,Republican Party,0.16
2026-08-23T04:00:00+00:00,CONTROLH-2026-R,Republican Party,0.16
2026-08-24T04:00:00+00:00,CONTROLH-2026-R,Republican Party,0.15
2026-08-25T04:00:00+00:00,CONTROLH-2026-R,Republican Party,0.14
2026-08-26T04:00:00+00:00,CONTROLH-2026-R,Republican Party,0.15
2026-08-27T04:00:00+00:00,CONTROLH-2026-R,Republican Party,0.16
2026-08-28T04:00:00+00:00,CONTROLH-2026-R,Republican Party,0.15
2026-08-29T04:00:00+00:00,CONTROLH-2026-R,Republican Party,0.16
2026-08-30T04:00:00+00:00,CONTROLH-2026-R,Republican Party,0.16
2026-08-31T04:00:00+00:00,CONTROLH-2026-R,Republican Party,0.16
2026-09-01T04:00:00+00:00,CONTROLH-2026-R,Republican Party,0.16
2026-09-02T04:00:00+00:00,CONTROLH-2026-R,Republican Party,0.16
2026-09-03T04:00:00+00:00,CONTROLH-2026-R,Republican Party,0.16
2026-09-04T04:00:00+00:00,CONTROLH-2026-R,Republican Party,0.16
2026-09-05T04:00:00+00:00,CONTROLH-2026-R,Republican Party,0.16
2026-09-06T04:00:00+00:00,CONTROLH-2026-R,Republican Party,0.16
2026-09-07T04:00:00+00:00,CONTROLH-2026-R,Republican Party,0.16
2026-09-08T04:00:00+00:00,CONTROLH-2026-R,Republican Party,0.17
2026-09-09T04:00:00+00:00,CONTROLH-2026-R,Republican Party,0.16
2026-09-10T04:00:00+00:00,CONTROLH-2026-R,Republican Party,0.16
2026-09-11T04:00:00+00:00,CONTROLH-2026-R,Republican Party,0.15
2026-09-12T04:00:00+00:00,CONTROLH-2026-R,Republican Party,0.14
2026-09-13T04:00:00+00:00,CONTROLH-2026-R,Republican Party,0.15
2026-09-14T04:00:00+00:00,CONTROLH-2026-R,Republican Party,0.14
2026-09-15T04:00:00+00:00,CONTROLH-2026-R,Republican Party,0.15
2026-09-16T04:00:00+00:00,CONTROLH-2026-R,Republican Party,0.13
2026-09-17T04:00:00+00:00,CONTROLH-2026-R,Republican Party,0.13
2026-09-18T04:00:00+00:00,CONTROLH-2026-R,Republican Party,0.12
2026-09-19T04:00:00+00:00,CONTROLH-2026-R,Republican Party,0.11
2026-09-20T04:00:00+00:00,CONTROLH-2026-R,Republican Party,0.1
2026-09-21T04:00:00+00:00,CONTROLH-2026-R,Republican Party,0.091
2026-09-22T04:00:00+00:00,CONTROLH-2026-R,Republican Party,0.095
2026-09-23T04:00:00+00:00,CONTROLH-2026-R,Republican Party,0.092
2026-09-24T04:00:00+00:00,CONTROLH-2026-R,Republican Party,0.084
2026-09-25T04:00:00+00:00,CONTROLH-2026-R,Republican Party,0.087
2026-09-26T04:00:00+00:00,CONTROLH-2026-R,Republican Party,0.08
2026-09-27T04:00:00+00:00,CONTROLH-2026-R,Republican Party,0.083
2026-09-28T04:00:00+00:00,CONTROLH-2026-R,Republican Party,0.085
2026-09-29T04:00:00+00:00,CONTROLH-2026-R,Republican Party,0.085
2026-09-30T04:00:00+00:00,CONTROLH-2026-R,Republican Party,0.088
2026-10-01T04:00:00+00:00,CONTROLH-2026-R,Republican Party,0.088
2026-10-02T04:00:00+00:00,CONTROLH-2026-R,Republican Party,0.086
2026-10-03T04:00:00+00:00,CONTROLH-2026-R,Republican Party,0.084
2026-10-04T04:00:00+00:00,CONTROLH-2026-R,Republican Party,0.082
2026-10-05T04:00:00+00:00,CONTROLH-2026-R,Republican Party,0.087
2026-10-06T04:00:00+00:00,CONTROLH-2026-R,Republican Party,0.09
2026-07-01T04:00:00+00:00,CONTROLS-2026-D,Democratic Party,0.41
2026-07-02T04:00:00+00:00,CONTROLS-2026-D,Democratic Party,0.41
2026-07-03T04:00:00+00:00,CONTROLS-2026-D,Democratic Party,0.4
2026-07-04T04:00:00+00:00,CONTROLS-2026-D,Democratic Party,0.41
2026-07-05T04:00:00+00:00,CONTROLS-2026-D,Democratic Party,0.4
2026-07-06T04:00:00+00:00,CONTROLS-2026-D,Democratic Party,0.4
2026-07-07T04:00:00+00:00,CONTROLS-2026-D,Democratic Party,0.42
2026-07-08T04:00:00+00:00,CONTROLS-2026-D,Democratic Party,0.42
2026-07-09T04:00:00+00:00,CONTROLS-2026-D,Democratic Party,0.44
2026-07-10T04:00:00+00:00,CONTROLS-2026-D,Democratic Party,0.43
2026-07-11T04:00:00+00:00,CONTROLS-2026-D,Democratic Party,0.43
2026-07-12T04:00:00+00:00,CONTROLS-2026-D,Democratic Party,0.43
2026-07-13T04:00:00+00:00,CONTROLS-2026-D,Democratic Party,0.44
2026-07-14T04:00:00+00:00,CONTROLS-2026-D,Democratic Party,0.44
2026-07-15T04:00:00+00:00,CONTROLS-2026-D,Democratic Party,0.46
2026-07-16T04:00:00+00:00,CONTROLS-2026-D,Democratic Party,0.45
2026-07-17T04:00:00+00:00,CONTROLS-2026-D,Democratic Party,0.45
2026-07-18T04:00:00+00:00,CONTROLS-2026-D,Democratic Party,0.43
2026-07-19T04:00:00+00:00,CONTROLS-2026-D,Democratic Party,0.44
2026-07-20T04:00:00+00:00,CONTROLS-2026-D,Democratic Party,0.45
2026-07-21T04:00:00+00:00,CONTROLS-2026-D,Democratic Party,0.44
2026-07-22T04:00:00+00:00,CONTROLS-2026-D,Democratic Party,0.44
2026-07-23T04:00:00+00:00,CONTROLS-2026-D,Democratic Party,0.44
2026-07-24T04:00:00+00:00,CONTROLS-2026-D,Democratic Party,0.44
2026-07-25T04:00:00+00:00,CONTROLS-2026-D,Democratic Party,0.44
2026-07-26T04:00:00+00:00,CONTROLS-2026-D,Democratic Party,0.45
2026-07-27T04:00:00+00:00,CONTROLS-2026-D,Democratic Party,0.45
2026-07-28T04:00:00+00:00,CONTROLS-2026-D,Democratic Party,0.44
2026-07-29T04:00:00+00:00,CONTROLS-2026-D,Democratic Party,0.44
2026-07-30T04:00:00+00:00,CONTROLS-2026-D,Democratic Party,0.45
2026-07-31T04:00:00+00:00,CONTROLS-2026-D,Democratic Party,0.46
2026-08-01T04:00:00+00:00,CONTROLS-2026-D,Democratic Party,0.47
2026-08-02T04:00:00+00:00,CONTROLS-2026-D,Democratic Party,0.46
2026-08-03T04:00:00+00:00,CONTROLS-2026-D,Democratic Party,0.46
2026-08-04T04:00:00+00:00,CONTROLS-2026-D,Democratic Party,0.47
2026-08-05T04:00:00+00:00,CONTROLS-2026-D,Democratic Party,0.47
2026-08-06T04:00:00+00:00,CONTROLS-2026-D,Democratic Party,0.44
2026-08-07T04:00:00+00:00,CONTROLS-2026-D,Democratic Party,0.47
2026-08-08T04:00:00+00:00,CONTROLS-2026-D,Democratic Party,0.46
2026-08-09T04:00:00+00:00,CONTROLS-2026-D,Democratic Party,0.46
2026-08-10T04:00:00+00:00,CONTROLS-2026-D,Democratic Party,0.46
2026-08-11T04:00:00+00:00,CONTROLS-2026-D,Democratic Party,0.46
2026-08-12T04:00:00+00:00,CONTROLS-2026-D,Democratic Party,0.49
2026-08-13T04:00:00+00:00,CONTROLS-2026-D,Democratic Party,0.49
2026-08-14T04:00:00+00:00,CONTROLS-2026-D,Democratic Party,0.5
2026-08-15T04:00:00+00:00,CONTROLS-2026-D,Democratic Party,0.48
2026-08-16T04:00:00+00:00,CONTROLS-2026-D,Democratic Party,0.49
2026-08-17T04:00:00+00:00,CONTROLS-2026-D,Democratic Party,0.48
2026-08-18T04:00:00+00:00,CONTROLS-2026-D,Democratic Party,0.49
2026-08-19T04:00:00+00:00,CONTROLS-2026-D,Democratic Party,0.48
2026-08-20T04:00:00+00:00,CONTROLS-2026-D,Democratic Party,0.46
2026-08-21T04:00:00+00:00,CONTROLS-2026-D,Democratic Party,0.46
2026-08-22T04:00:00+00:00,CONTROLS-2026-D,Democratic Party,0.47
2026-08-23T04:00:00+00:00,CONTROLS-2026-D,Democratic Party,0.46
2026-08-24T04:00:00+00:00,CONTROLS-2026-D,Democratic Party,0.46
2026-08-25T04:00:00+00:00,CONTROLS-2026-D,Democratic Party,0.46
2026-08-26T04:00:00+00:00,CONTROLS-2026-D,Democratic Party,0.48
2026-08-27T04:00:00+00:00,CONTROLS-2026-D,Democratic Party,0.49
2026-08-28T04:00:00+00:00,CONTROLS-2026-D,Democratic Party,0.48
2026-08-29T04:00:00+00:00,CONTROLS-2026-D,Democratic Party,0.48
2026-08-30T04:00:00+00:00,CONTROLS-2026-D,Democratic Party,0.48
2026-08-31T04:00:00+00:00,CONTROLS-2026-D,Democratic Party,0.48
2026-09-01T04:00:00+00:00,CONTROLS-2026-D,Democratic Party,0.49
2026-09-02T04:00:00+00:00,CONTROLS-2026-D,Democratic Party,0.48
2026-09-03T04:00:00+00:00,CONTROLS-2026-D,Democratic Party,0.48
2026-09-04T04:00:00+00:00,CONTROLS-2026-D,Democratic Party,0.48
2026-09-05T04:00:00+00:00,CONTROLS-2026-D,Democratic Party,0.48
2026-09-06T04:00:00+00:00,CONTROLS-2026-D,Democratic Party,0.47
2026-09-07T04:00:00+00:00,CONTROLS-2026-D,Democratic Party,0.48
2026-09-08T04:00:00+00:00,CONTROLS-2026-D,Democratic Party,0.47
2026-09-09T04:00:00+00:00,CONTROLS-2026-D,Democratic Party,0.48
2026-09-10T04:00:00+00:00,CONTROLS-2026-D,Democratic Party,0.47
2026-09-11T04:00:00+00:00,CONTROLS-2026-D,Democratic Party,0.48
2026-09-12T04:00:00+00:00,CONTROLS-2026-D,Democratic Party,0.49
2026-09-13T04:00:00+00:00,CONTROLS-2026-D,Democratic Party,0.49
2026-09-14T04:00:00+00:00,CONTROLS-2026-D,Democratic Party,0.49
2026-09-15T04:00:00+00:00,CONTROLS-2026-D,Democratic Party,0.52
2026-09-16T04:00:00+00:00,CONTROLS-2026-D,Democratic Party,0.55
2026-09-17T04:00:00+00:00,CONTROLS-2026-D,Democratic Party,0.56
2026-09-18T04:00:00+00:00,CONTROLS-2026-D,Democratic Party,0.59
2026-09-19T04:00:00+00:00,CONTROLS-2026-D,Democratic Party,0.59
2026-09-20T04:00:00+00:00,CONTROLS-2026-D,Democratic Party,0.6
2026-09-21T04:00:00+00:00,CONTROLS-2026-D,Democratic Party,0.6
2026-09-22T04:00:00+00:00,CONTROLS-2026-D,Democratic Party,0.61
2026-09-23T04:00:00+00:00,CONTROLS-2026-D,Democratic Party,0.63
2026-09-24T04:00:00+00:00,CONTROLS-2026-D,Democratic Party,0.65
2026-09-25T04:00:00+00:00,CONTROLS-2026-D,Democratic Party,0.61
2026-09-26T04:00:00+00:00,CONTROLS-2026-D,Democratic Party,0.62
2026-09-27T04:00:00+00:00,CONTROLS-2026-D,Democratic Party,0.62
2026-09-28T04:00:00+00:00,CONTROLS-2026-D,Democratic Party,0.62
2026-09-29T04:00:00+00:00,CONTROLS-2026-D,Democratic Party,0.62
2026-09-30T04:00:00+00:00,CONTROLS-2026-D,Democratic Party,0.62
2026-10-01T04:00:00+00:00,CONTROLS-2026-D,Democratic Party,0.63
2026-10-02T04:00:00+00:00,CONTROLS-2026-D,Democratic Party,0.63
2026-10-03T04:00:00+00:00,CONTROLS-2026-D,Democratic Party,0.63
2026-10-04T04:00:00+00:00,CONTROLS-2026-D,Democratic Party,0.64
2026-10-05T04:00:00+00:00,CONTROLS-2026-D,Democratic Party,0.63
2026-10-06T04:00:00+00:00,CONTROLS-2026-D,Democratic Party,0.65
2026-07-01T04:00:00+00:00,CONTROLS-2026-R,Republican Party,0.59
2026-07-02T04:00:00+00:00,CONTROLS-2026-R,Republican Party,0.61
2026-07-03T04:00:00+00:00,CONTROLS-2026-R,Republican Party,0.6
2026-07-04T04:00:00+00:00,CONTROLS-2026-R,Republican Party,0.6
2026-07-05T04:00:00+00:00,CONTROLS-2026-R,Republican Party,0.6
2026-07-06T04:00:00+00:00,CONTROLS-2026-R,Republican Party,0.6
2026-07-07T04:00:00+00:00,CONTROLS-2026-R,Republican Party,0.58
2026-07-08T04:00:00+00:00,CONTROLS-2026-R,Republican Party,0.58
2026-07-09T04:00:00+00:00,CONTROLS-2026-R,Republican Party,0.56
2026-07-10T04:00:00+00:00,CONTROLS-2026-R,Republican Party,0.57
2026-07-11T04:00:00+00:00,CONTROLS-2026-R,Republican Party,0.57
2026-07-12T04:00:00+00:00,CONTROLS-2026-R,Republican Party,0.57
2026-07-13T04:00:00+00:00,CONTROLS-2026-R,Republican Party,0.55
2026-07-14T04:00:00+00:00,CONTROLS-2026-R,Republican Party,0.56
2026-07-15T04:00:00+00:00,CONTROLS-2026-R,Republican Party,0.54
2026-07-16T04:00:00+00:00,CONTROLS-2026-R,Republican Party,0.55
2026-07-17T04:00:00+00:00,CONTROLS-2026-R,Republican Party,0.56
2026-07-18T04:00:00+00:00,CONTROLS-2026-R,Republican Party,0.57
2026-07-19T04:00:00+00:00,CONTROLS-2026-R,Republican Party,0.56
2026-07-20T04:00:00+00:00,CONTROLS-2026-R,Republican Party,0.55
2026-07-21T04:00:00+00:00,CONTROLS-2026-R,Republican Party,0.56
2026-07-22T04:00:00+00:00,CONTROLS-2026-R,Republican Party,0.56
2026-07-23T04:00:00+00:00,CONTROLS-2026-R,Republican Party,0.56
2026-07-24T04:00:00+00:00,CONTROLS-2026-R,Republican Party,0.57
2026-07-25T04:00:00+00:00,CONTROLS-2026-R,Republican Party,0.57
2026-07-26T04:00:00+00:00,CONTROLS-2026-R,Republican Party,0.56
2026-07-27T04:00:00+00:00,CONTROLS-2026-R,Republican Party,0.57
2026-07-28T04:00:00+00:00,CONTROLS-2026-R,Republican Party,0.57
2026-07-29T04:00:00+00:00,CONTROLS-2026-R,Republican Party,0.57
2026-07-30T04:00:00+00:00,CONTROLS-2026-R,Republican Party,0.56
2026-07-31T04:00:00+00:00,CONTROLS-2026-R,Republican Party,0.56
2026-08-01T04:00:00+00:00,CONTROLS-2026-R,Republican Party,0.54
2026-08-02T04:00:00+00:00,CONTROLS-2026-R,Republican Party,0.55
2026-08-03T04:00:00+00:00,CONTROLS-2026-R,Republican Party,0.54
2026-08-04T04:00:00+00:00,CONTROLS-2026-R,Republican Party,0.54
2026-08-05T04:00:00+00:00,CONTROLS-2026-R,Republican Party,0.55
2026-08-06T04:00:00+00:00,CONTROLS-2026-R,Republican Party,0.55
2026-08-07T04:00:00+00:00,CONTROLS-2026-R,Republican Party,0.54
2026-08-08T04:00:00+00:00,CONTROLS-2026-R,Republican Party,0.54
2026-08-09T04:00:00+00:00,CONTROLS-2026-R,Republican Party,0.54
2026-08-10T04:00:00+00:00,CONTROLS-2026-R,Republican Party,0.55
2026-08-11T04:00:00+00:00,CONTROLS-2026-R,Republican Party,0.55
2026-08-12T04:00:00+00:00,CONTROLS-2026-R,Republican Party,0.51
2026-08-13T04:00:00+00:00,CONTROLS-2026-R,Republican Party,0.51
2026-08-14T04:00:00+00:00,CONTROLS-2026-R,Republican Party,0.51
2026-08-15T04:00:00+00:00,CONTROLS-2026-R,Republican Party,0.51
2026-08-16T04:00:00+00:00,CONTROLS-2026-R,Republican Party,0.5
2026-08-17T04:00:00+00:00,CONTROLS-2026-R,Republican Party,0.51
2026-08-18T04:00:00+00:00,CONTROLS-2026-R,Republican Party,0.53
2026-08-19T04:00:00+00:00,CONTROLS-2026-R,Republican Party,0.53
2026-08-20T04:00:00+00:00,CONTROLS-2026-R,Republican Party,0.53
2026-08-21T04:00:00+00:00,CONTROLS-2026-R,Republican Party,0.54
2026-08-22T04:00:00+00:00,CONTROLS-2026-R,Republican Party,0.54
2026-08-23T04:00:00+00:00,CONTROLS-2026-R,Republican Party,0.54
2026-08-24T04:00:00+00:00,CONTROLS-2026-R,Republican Party,0.54
2026-08-25T04:00:00+00:00,CONTROLS-2026-R,Republican Party,0.53
2026-08-26T04:00:00+00:00,CONTROLS-2026-R,Republican Party,0.52
2026-08-27T04:00:00+00:00,CONTROLS-2026-R,Republican Party,0.53
2026-08-28T04:00:00+00:00,CONTROLS-2026-R,Republican Party,0.52
2026-08-29T04:00:00+00:00,CONTROLS-2026-R,Republican Party,0.52
2026-08-30T04:00:00+00:00,CONTROLS-2026-R,Republican Party,0.52
2026-08-31T04:00:00+00:00,CONTROLS-2026-R,Republican Party,0.53
2026-09-01T04:00:00+00:00,CONTROLS-2026-R,Republican Party,0.52
2026-09-02T04:00:00+00:00,CONTROLS-2026-R,Republican Party,0.52
2026-09-03T04:00:00+00:00,CONTROLS-2026-R,Republican Party,0.53
2026-09-04T04:00:00+00:00,CONTROLS-2026-R,Republican Party,0.53
2026-09-05T04:00:00+00:00,CONTROLS-2026-R,Republican Party,0.53
2026-09-06T04:00:00+00:00,CONTROLS-2026-R,Republican Party,0.53
2026-09-07T04:00:00+00:00,CONTROLS-2026-R,Republican Party,0.53
2026-09-08T04:00:00+00:00,CONTROLS-2026-R,Republican Party,0.53
2026-09-09T04:00:00+00:00,CONTROLS-2026-R,Republican Party,0.53
2026-09-10T04:00:00+00:00,CONTROLS-2026-R,Republican Party,0.53
2026-09-11T04:00:00+00:00,CONTROLS-2026-R,Republican Party,0.53
2026-09-12T04:00:00+00:00,CONTROLS-2026-R,Republican Party,0.52
2026-09-13T04:00:00+00:00,CONTROLS-2026-R,Republican Party,0.52
2026-09-14T04:00:00+00:00,CONTROLS-2026-R,Republican Party,0.52
2026-09-15T04:00:00+00:00,CONTROLS-2026-R,Republican Party,0.49
2026-09-16T04:00:00+00:00,CONTROLS-2026-R,Republican Party,0.46
2026-09-17T04:00:00+00:00,CONTROLS-2026-R,Republican Party,0.45
2026-09-18T04:00:00+00:00,CONTROLS-2026-R,Republican Party,0.43
2026-09-19T04:00:00+00:00,CONTROLS-2026-R,Republican Party,0.42
2026-09-20T04:00:00+00:00,CONTROLS-2026-R,Republican Party,0.42
2026-09-21T04:00:00+00:00,CONTROLS-2026-R,Republican Party,0.4
2026-09-22T04:00:00+00:00,CONTROLS-2026-R,Republican Party,0.4
2026-09-23T04:00:00+00:00,CONTROLS-2026-R,Republican Party,0.38
2026-09-24T04:00:00+00:00,CONTROLS-2026-R,Republican Party,0.35
2026-09-25T04:00:00+00:00,CONTROLS-2026-R,Republican Party,0.39
2026-09-26T04:00:00+00:00,CONTROLS-2026-R,Republican Party,0.39
2026-09-27T04:00:00+00:00,CONTROLS-2026-R,Republican Party,0.39
2026-09-28T04:00:00+00:00,CONTROLS-2026-R,Republican Party,0.39
2026-09-29T04:00:00+00:00,CONTROLS-2026-R,Republican Party,0.39
2026-09-30T04:00:00+00:00,CONTROLS-2026-R,Republican Party,0.39
2026-10-01T04:00:00+00:00,CONTROLS-2026-R,Republican Party,0.38
2026-10-02T04:00:00+00:00,CONTROLS-2026-R,Republican Party,0.38
2026-10-03T04:00:00+00:00,CONTROLS-2026-R,Republican Party,0.38
2026-10-04T04:00:00+00:00,CONTROLS-2026-R,Republican Party,0.37
2026-10-05T04:00:00+00:00,CONTROLS-2026-R,Republican Party,0.36
2026-10-06T04:00:00+00:00,CONTROLS-2026-R,Republican Party,0.36
