Date,CNC,COIN,CVX,CXW,ENPH,FSLR,GEO,HCA,MOH,NEE,NKE,PLTR,SPY,TGT,XOM
2026-07-20,65.83999633789062,160.42999267578125,188.06869506835938,31.850000381469727,39.459999084472656,205.30999755859375,30.600000381469727,369.73828125,229.7100067138672,87.34319305419922,43.013710021972656,134.85000610351562,740.2518310546875,138.5267333984375,147.40553283691406
2026-07-21,67.58999633789062,175.85000610351562,189.41693115234375,32.08000183105469,39.939998626708984,206.0500030517578,31.229999542236328,372.4033508300781,226.5399932861328,87.27371215820312,42.509063720703125,132.66000366210938,746.426513671875,137.42518615722656,150.73397827148438
2026-07-22,65.88999938964844,166.1199951171875,191.31039428710938,32.18000030517578,39.58000183105469,208.86000061035156,31.34000015258789,371.18560791015625,221.74000549316406,88.74266815185547,41.76693344116211,124.56999969482422,745.55859375,136.8694610595703,153.4563446044922
2026-07-23,63.7400016784668,161.16000366210938,192.73794555664062,31.649999618530273,38.88999938964844,205.9199981689453,31.06999969482422,375.8070983886719,200.2899932861328,89.11982727050781,40.55974197387695,123.37000274658203,736.3515014648438,133.45565795898438,155.88064575195312
2026-07-24,63.40999984741211,158.2899932861328,193.104736328125,31.350000381469727,36.70000076293945,202.82000732421875,30.920000076293945,381.4866027832031,197.5500030517578,89.10990142822266,41.262290954589844,122.91999816894531,737.099609375,135.73814392089844,155.93032836914062
2026-07-27,64.08000183105469,167.49000549316406,188.35618591308594,31.209999084472656,38.0099983215332,205.8300018310547,30.93000030517578,388.9029235839844,199.47999572753906,88.16699981689453,41.697669982910156,131.52999877929688,737.25927734375,139.27101135253906,153.7742919921875
2026-07-28,63.90999984741211,167.89999389648438,185.95712280273438,30.6299991607666,36.31999969482422,202.58999633789062,30.739999771118164,417.42034912109375,200.33999633789062,88.61363220214844,42.59811782836914,123.52999877929688,739.0248413085938,143.10162353515625,152.055419921875
2026-07-29,61.81999969482422,160.08999633789062,190.20008850097656,29.75,35.06999969482422,199.24000549316406,29.950000762939453,407.42877197265625,199.02000427246094,87.79975891113281,42.766334533691406,123.0,727.6531372070312,144.78866577148438,155.74154663085938
2026-07-30,60.84000015258789,163.5800018310547,190.6461944580078,29.799999237060547,37.380001068115234,206.00999450683594,30.670000076293945,395.06158447265625,194.6999969482422,87.27371215820312,41.84609603881836,122.26000213623047,739.852783203125,143.4092559814453,155.96014404296875
2026-07-31,62.220001220703125,146.25999450683594,195.12709045410156,29.899999618530273,37.540000915527344,211.02999877929688,30.889999389648438,401.84906005859375,195.6199951171875,86.27124786376953,41.27218246459961,123.05999755859375,745.1796264648438,143.38941955566406,154.4399871826172
2026-08-03,63.7599983215332,146.5,191.5086669921875,30.299999237060547,39.349998474121094,232.72999572753906,31.34000015258789,405.8616638183594,194.77000427246094,85.90401458740234,42.192420959472656,125.6500015258789,755.793212890625,148.21240234375,154.0624237060547
2026-08-04,64.06999969482422,150.72999572753906,188.75271606445312,30.149999618530273,41.77000045776367,243.6300048828125,31.290000915527344,399.99249267578125,191.36000061035156,86.54915618896484,41.09407043457031,162.66000366210938,769.4193725585938,146.98184204101562,152.96951293945312
2026-08-05,66.98999786376953,149.88999938964844,184.7972412109375,31.229999542236328,38.95000076293945,236.8000030517578,31.420000076293945,408.8861083984375,195.13999938964844,85.26879119873047,42.004417419433594,158.42999267578125,767.8831787109375,146.574951171875,150.6544952392578
2026-08-06,64.19999694824219,145.41000366210938,187.59283447265625,32.2400016784668,39.66999816894531,244.13999938964844,30.139999389648438,408.1374816894531,191.8800048828125,83.96856689453125,41.559139251708984,155.9199981689453,766.65625,145.95968627929688,153.84384155273438
2026-08-07,65.7699966430664,153.60000610351562,184.94593811035156,32.27000045776367,41.869998931884766,250.0500030517578,30.690000534057617,412.5992431640625,196.4499969482422,84.01819610595703,41.262290954589844,172.00999450683594,771.3446044921875,148.55972290039062,152.055419921875
2026-08-10,66.56999969482422,148.67999267578125,193.2237091064453,33.0,40.91999816894531,239.3300018310547,30.65999984741211,413.26800537109375,198.83999633789062,84.06781768798828,41.66798400878906,175.22999572753906,771.1151733398438,150.862060546875,158.76199340820312
2026-08-11,64.87999725341797,148.5800018310547,194.9585723876953,33.91999816894531,42.29999923706055,240.91000366210938,31.75,410.6827697753906,194.5399932861328,85.10005187988281,40.88627624511719,174.94000244140625,768.6513061523438,151.12998962402344,158.7719268798828
2026-08-12,67.06999969482422,149.0399932861328,194.8990936279297,33.599998474121094,40.77000045776367,226.77000427246094,31.450000762939453,413.82696533203125,206.05999755859375,85.13975524902344,40.08477783203125,171.0399932861328,770.5764770507812,154.0,158.7222442626953
2026-08-13,66.04000091552734,153.89999389648438,195.98956298828125,31.600000381469727,40.779998779296875,223.69000244140625,30.3700008392334,410.9822082519531,205.7100067138672,85.3680419921875,40.79722213745117,179.00999450683594,775.9531860351562,155.50999450683594,157.58958435058594
2026-08-14,67.47000122070312,148.47000122070312,198.26966857910156,32.81999969482422,40.47999954223633,225.55999755859375,31.219999313354492,403.9352111816406,212.42999267578125,85.54669952392578,40.30247116088867,174.0399932861328,774.4169921875,154.47999572753906,159.07000732421875
2026-08-17,64.41000366210938,150.5500030517578,200.94630432128906,33.58000183105469,38.650001525878906,217.85000610351562,31.149999618530273,404.23468017578125,203.05999755859375,85.57647705078125,38.679683685302734,172.5500030517578,770.7560424804688,151.00999450683594,161.4600067138672
2026-08-18,65.22000122070312,146.22999572753906,203.9600067138672,32.400001525878906,37.58000183105469,220.00999450683594,30.90999984741211,410.9722595214844,203.61000061035156,85.57647705078125,39.639503479003906,171.5399932861328,765.5490112304688,152.47999572753906,165.55999755859375
2026-08-19,64.69999694824219,160.1999969482422,205.75999450683594,31.989999771118164,39.369998931884766,222.39999389648438,30.68000030517578,406.30084228515625,201.1699981689453,85.26879119873047,40.619110107421875,175.19000244140625,767.1549682617188,159.0,164.77000427246094
2026-08-20,64.13999938964844,172.35000610351562,205.77000427246094,33.5099983215332,38.36000061035156,214.05999755859375,31.719999313354492,405.52227783203125,196.94000244140625,84.39535522460938,39.78792953491211,173.9600067138672,760.7109985351562,158.25,166.14999389648438
2026-08-21,65.0199966430664,186.49000549316406,205.27000427246094,34.0099983215332,38.61000061035156,214.27999877929688,32.709999084472656,428.4001159667969,200.2899932861328,83.0256576538086,40.3321533203125,179.94000244140625,763.8232421875,165.44000244140625,165.11000061035156
2026-08-24,65.6500015258789,179.47999572753906,203.08999633789062,33.84000015258789,37.18000030517578,208.30999755859375,32.18000030517578,428.45001220703125,198.5,83.47229766845703,40.322261810302734,175.88999938964844,761.5787963867188,169.88999938964844,164.0500030517578
2026-08-25,65.0,187.16000366210938,199.88999938964844,33.13999938964844,37.349998474121094,206.82000732421875,32.15999984741211,427.9709167480469,199.6300048828125,83.59140014648438,39.065589904785156,172.72999572753906,764.0127563476562,163.47000122070312,160.63999938964844
2026-08-26,65.47000122070312,181.77999877929688,200.2100067138672,33.9900016784668,38.41999816894531,205.92999267578125,32.77000045776367,426.37384033203125,202.42999267578125,83.59140014648438,38.184932708740234,177.5,764.182373046875,164.0399932861328,158.19000244140625
2026-08-27,65.33000183105469,190.72000122070312,199.77000427246094,33.790000915527344,39.25,210.10000610351562,32.599998474121094,418.5682373046875,198.75,82.84700012207031,38.03650665283203,185.92999267578125,769.18994140625,165.92999267578125,156.44000244140625
2026-08-28,64.75,178.63999938964844,201.86000061035156,33.810001373291016,37.25,204.4600067138672,32.279998779296875,417.0510559082031,200.0,81.83999633789062,39.184329986572266,186.2899932861328,767.4442749023438,163.17999267578125,156.7100067138672
2026-08-31,64.33999633789062,188.1199951171875,206.13999938964844,33.220001220703125,36.41999816894531,201.89999389648438,31.809999465942383,413.687255859375,198.77000427246094,82.33999633789062,38.650001525878906,186.3800048828125,765.1499633789062,160.8800048828125,160.9499969482422
2026-09-01,65.2300033569336,176.82000732421875,211.0500030517578,32.720001220703125,35.540000915527344,199.64999389648438,30.530000686645508,412.8188171386719,203.05999755859375,82.93000030517578,38.119998931884766,179.9199981689453,759.89306640625,163.75,164.5500030517578
2026-09-02,67.33999633789062,174.9600067138672,211.77999877929688,32.61000061035156,35.52000045776367,202.60000610351562,30.559999465942383,401.3200378417969,202.6199951171875,83.0999984741211,38.2400016784668,169.4600067138672,763.2646484375,163.36000061035156,164.14999389648438
2026-09-03,68.0199966430664,192.6999969482422,211.32000732421875,33.65999984741211,36.310001373291016,207.4199981689453,30.8799991607666,408.4469299316406,202.91000366210938,84.05999755859375,38.77000045776367,182.52999877929688,771.2548217773438,164.00999450683594,162.2100067138672
2026-09-04,67.04000091552734,184.63999938964844,208.60000610351562,34.709999084472656,36.369998931884766,204.4499969482422,31.770000457763672,404.254638671875,200.8000030517578,83.43000030517578,38.400001525878906,174.3300018310547,768.2822265625,164.44000244140625,159.47000122070312
2026-09-08,64.58000183105469,178.94000244140625,209.8000030517578,35.04999923706055,38.83000183105469,213.25,32.040000915527344,401.2801208496094,196.3000030517578,83.83000183105469,38.099998474121094,170.3000030517578,764.0626831054688,162.7100067138672,160.66000366210938
2026-09-09,64.05999755859375,174.72000122070312,213.80999755859375,34.369998931884766,36.720001220703125,203.10000610351562,31.610000610351562,421.05364990234375,194.1300048828125,82.6500015258789,37.349998474121094,169.52999877929688,760.5115356445312,157.52000427246094,164.22999572753906
2026-09-10,65.4000015258789,172.27999877929688,212.75999450683594,34.40999984741211,36.86000061035156,207.1699981689453,31.3799991607666,420.4347839355469,200.27999877929688,82.44000244140625,36.619998931884766,165.86000061035156,755.9528198242188,155.72999572753906,165.22999572753906
2026-09-11,66.41999816894531,175.25999450683594,214.05999755859375,34.93000030517578,36.349998474121094,209.02999877929688,31.489999771118164,426.1542663574219,204.22999572753906,82.30999755859375,36.79999923706055,167.22999572753906,762.3967895507812,155.8300018310547,165.99000549316406
2026-09-14,69.41000366210938,191.4499969482422,212.1699981689453,34.22999954223633,36.65999984741211,207.0399932861328,30.850000381469727,424.7069091796875,214.07000732421875,81.62999725341797,37.04999923706055,173.30999755859375,758.9952392578125,158.6999969482422,165.0800018310547
2026-09-15,67.66000366210938,172.11000061035156,217.77000427246094,35.380001068115234,36.720001220703125,202.33999633789062,31.260000228881836,423.0400085449219,206.99000549316406,81.06999969482422,36.220001220703125,172.55999755859375,755.513916015625,154.39999389648438,169.32000732421875
2026-09-16,66.01000213623047,164.50999450683594,211.5399932861328,34.93000030517578,35.560001373291016,191.07000732421875,31.43000030517578,430.42999267578125,202.22000122070312,80.37000274658203,35.779998779296875,174.33999633789062,752.1821899414062,154.67999267578125,163.32000732421875
2026-09-17,67.0999984741211,173.97000122070312,211.57000732421875,35.540000915527344,36.02000045776367,201.16000366210938,32.13999938964844,429.0400085449219,205.08999633789062,81.27999877929688,36.36000061035156,176.24000549316406,760.7109985351562,159.8300018310547,163.27000427246094
2026-09-18,65.11000061035156,194.25,209.50999450683594,35.22999954223633,34.63999938964844,195.9600067138672,31.760000228881836,427.7099914550781,200.7899932861328,80.47000122070312,35.5099983215332,177.63999938964844,761.6900024414062,158.19000244140625,163.5399932861328
2026-09-21,64.98999786376953,201.0500030517578,203.6699981689453,32.40999984741211,34.7599983215332,199.83999633789062,30.25,425.9700012207031,197.8000030517578,79.62999725341797,36.099998474121094,183.08999633789062,773.5,157.7100067138672,158.3000030517578
2026-09-22,63.29999923706055,201.07000732421875,202.41000366210938,31.469999313354492,34.41999816894531,200.77999877929688,29.739999771118164,438.1199951171875,191.19000244140625,79.26000213623047,36.099998474121094,184.99000549316406,773.3800048828125,159.02000427246094,158.7100067138672
2026-09-23,62.08000183105469,198.1300048828125,205.50999450683594,32.279998779296875,33.06999969482422,191.97000122070312,30.6200008392334,436.4800109863281,189.3699951171875,77.0199966430664,36.04999923706055,191.7899932861328,767.8099975585938,156.25999450683594,161.22999572753906
2026-09-24,61.91999816894531,199.2100067138672,205.64999389648438,34.36000061035156,32.81999969482422,172.16000366210938,31.959999084472656,423.4800109863281,193.30999755859375,75.62000274658203,35.9900016784668,192.58999633789062,767.1799926757812,156.14999389648438,162.13999938964844
2026-09-25,61.81999969482422,195.11000061035156,204.4499969482422,32.130001068115234,32.400001525878906,177.7100067138672,31.219999313354492,435.6099853515625,190.86000061035156,76.08000183105469,35.75,189.6699981689453,771.3499755859375,157.4499969482422,160.58999633789062
2026-09-28,62.529998779296875,191.7899932861328,206.3699951171875,31.690000534057617,30.90999984741211,172.97000122070312,30.219999313354492,432.6000061035156,189.63999938964844,75.48999786376953,36.38999938964844,187.47999572753906,765.6099853515625,158.42999267578125,162.52000427246094
2026-09-29,62.209999084472656,190.02000427246094,204.3800048828125,32.66999816894531,31.829999923706055,176.92999267578125,30.959999084472656,431.6300048828125,189.3800048828125,75.88999938964844,35.84000015258789,186.97000122070312,764.2000122070312,156.42999267578125,161.35000610351562
2026-09-30,62.119998931884766,186.41000366210938,204.2100067138672,32.25,32.9900016784668,175.16000366210938,30.469999313354492,426.739990234375,189.10000610351562,75.73999786376953,35.400001525878906,187.0500030517578,762.6300048828125,156.69000244140625,162.75
2026-10-01,60.9900016784668,189.2899932861328,207.10000610351562,32.4900016784668,32.81999969482422,172.11000061035156,30.790000915527344,423.3900146484375,180.85000610351562,76.3499984741211,35.150001525878906,190.0399932861328,763.989990234375,156.6999969482422,163.82000732421875
2026-10-02,62.9900016784668,183.0,206.69000244140625,33.43000030517578,33.470001220703125,174.61000061035156,31.360000610351562,426.69000244140625,189.5399932861328,76.83000183105469,33.869998931884766,188.75,769.6400146484375,156.0,164.00999450683594
2026-10-05,64.30000305175781,188.22000122070312,206.47000122070312,33.72999954223633,33.45000076293945,176.16000366210938,32.34000015258789,434.9200134277344,194.0500030517578,76.27999877929688,33.959999084472656,189.39999389648438,774.8300170898438,152.99000549316406,164.0
2026-10-06,63.700199127197266,188.86000061035156,208.13999938964844,33.529998779296875,33.744998931884766,179.9801025390625,31.979999542236328,436.04998779296875,191.84500122070312,77.21499633789062,34.45000076293945,191.6199951171875,780.8250122070312,153.52000427246094,165.22500610351562
