sentiment,return,n,"same-day corr(dS, R)",p
Key-issue composite (main),winners,44,0.2606008334083527,0.08753845816958361
Key-issue composite (main),losers,44,-0.294358918060094,0.052433419881475624
Key-issue composite (main),spread,44,0.393347799284664,0.008254407624497865
All midterm coverage,winners,44,0.16034328648743618,0.2984681595212985
All midterm coverage,losers,44,-0.2455732363295829,0.10810557559611572
All midterm coverage,spread,44,0.29636990542806596,0.05076798234106204
Party tone gap (Dem - Rep),winners,37,-0.1440163292445886,0.39510500032188034
Party tone gap (Dem - Rep),losers,37,-0.12873066426857527,0.44765522027836874
Party tone gap (Dem - Rep),spread,37,0.03009709284145892,0.8596420626221465
