,Key-issue composite (main),All midterm coverage,Economy & prices,Democracy & voting rules,Iran war & foreign policy,"AI, data centers & tech",Immigration & ICE,Party tone gap (Dem - Rep),"Key-issue composite, Hu-Liu (sign flipped)"
2026-08-01,-0.10676000000000001,0.17459999999999998,,,,,,,-0.2986456769529604
2026-08-02,,0.09026,,,,,,,
2026-08-03,0.08953333333333333,0.10480416666666666,,,,,,,-0.4001348039733654
2026-08-04,-0.18044615384615387,-0.04129137931034482,,0.13971666666666666,-0.6144571428571428,,,,0.06975847863963919
2026-08-05,-0.10214285714285713,0.05833399999999999,,,,,,0.09214923076923075,0.08666677252182324
2026-08-06,-0.10242857142857144,-0.0839875,,,,,,0.2674020202020202,-0.2697010919881241
2026-08-07,-0.3280458333333333,-0.10246637168141592,-0.3382727272727273,,-0.40235714285714286,,,0.48644270833333336,-0.7408889321959249
2026-08-08,-0.25505,-0.004742424242424245,,,,,,0.3123375,-0.9161082618636567
2026-08-09,-0.11035833333333334,0.016816901408450706,,,,,,0.2500965034965035,-0.13540495950346063
2026-08-10,-0.2600941176470588,-0.02392159090909091,-0.27873333333333333,-0.23554,-0.4944714285714285,,,0.3756166666666667,-0.41833770568749895
2026-08-11,-0.05482352941176471,0.040123364485981305,,-0.2780714285714286,,,,0.16350535714285716,0.34019922135806874
2026-08-12,0.17693125,0.03394545454545454,,0.10881111111111112,,,,,0.2906177246551258
2026-08-13,-0.051485714285714294,0.010763888888888885,,,,,,0.5419030303030303,-0.191439348805168
2026-08-14,-0.06249375000000001,0.01909024390243902,-0.08171428571428573,,,,,0.23163333333333336,-0.13749237749637394
2026-08-15,-0.20302727272727272,-0.051933999999999994,-0.18037999999999998,,,,,0.26172597402597403,0.05545235981504311
2026-08-16,-0.19578095238095236,-0.11731935483870967,-0.4524777777777778,,-0.4311111111111111,,,0.1524611111111111,-0.17042934912371127
2026-08-17,-0.07812777777777778,-0.008472549019607842,0.11575,,-0.3107166666666667,,,0.286571568627451,0.18942764465602396
2026-08-18,-0.03035000000000001,0.02988510638297872,,,-0.011181818181818192,,,0.47399871794871795,0.11792656036989069
2026-08-19,0.06764736842105262,0.04109555555555555,0.06714000000000002,0.12131999999999998,,0.25612,,0.2143970588235294,-0.12195026727891554
2026-08-20,-0.1890421052631579,-0.005689690721649487,-0.3371,,-0.5192142857142857,-0.07294285714285716,,0.16785803571428573,-0.3057234554354235
2026-08-21,-0.12366666666666666,-0.056723913043478257,-0.2601333333333333,-0.13599999999999998,,-0.007371428571428571,,0.07337153846153846,-0.14093361048978534
2026-08-22,-0.09186153846153847,-0.07627875,,-0.020555555555555556,-0.23497000000000004,,,0.12593194444444444,0.11794377491722881
2026-08-23,-0.22066923076923078,-0.061422448979591836,,,-0.3533,,,0.34501944444444443,-0.28588914550125544
2026-08-24,0.1865306451612903,0.1340282894736842,-0.3056375,0.28558,-0.38710000000000006,0.15168333333333336,,0.17051666666666668,0.18639475971409133
2026-08-25,0.1467877551020408,0.169285,-0.03375714285714287,0.30192424242424243,-0.2576777777777778,,,0.3160095238095238,0.125911517461226
2026-08-26,-0.08282608695652173,-0.09788373983739837,0.02570000000000001,-0.1421,-0.1027111111111111,-0.052914285714285705,,0.0770875,0.05238284446595813
2026-08-27,-0.043500000000000004,-0.04352962962962963,,-0.01726470588235294,-0.02391428571428572,,,0.20570500000000003,0.235189035487383
2026-08-28,-0.07325454545454545,-0.020096031746031744,,-0.023945454545454548,-0.24464285714285713,,,0.4046062937062937,0.03985023011672222
2026-08-29,-0.40494,-0.14783513513513513,,,-0.33345714285714284,,,0.43083999999999995,-0.729194112135335
2026-08-30,-0.1307625,0.047240000000000004,,,,,,0.014800000000000008,-0.1283153342791793
2026-08-31,-0.09645,-0.06905684210526315,,,-0.07670833333333332,-0.20145000000000002,,,0.26430581882276233
2026-09-01,-0.13113103448275862,-0.06772777777777778,-0.04671249999999999,-0.05323571428571429,-0.5097400000000001,,,0.3337708333333333,-0.43646071085317406
2026-09-02,-0.15225384615384616,-0.0539433734939759,,-0.006144444444444446,-0.4003833333333333,,,0.18800999999999998,-0.4824935403058302
2026-09-03,0.06383235294117648,0.10170731707317072,-0.33742857142857147,0.1509894736842105,,,,0.20700549450549455,0.17749284971788323
2026-09-04,-0.17920526315789473,-0.03869065420560747,-0.26552857142857145,-0.0994761904761905,-0.3612875,-0.06066000000000001,,-0.3145892857142857,0.07882250207341229
2026-09-05,-0.26816923076923077,-0.011969117647058828,,,-0.68108,,,-0.1076775,-0.26856194416546386
2026-09-06,0.1241258064516129,0.11768658536585365,,0.2581411764705882,,-0.016024999999999998,,0.2182375,-0.020757629434742873
2026-09-07,0.05238888888888888,0.01780224719101123,-0.11138333333333335,0.20348571428571427,,,,0.07585,-0.15697770584796622
2026-09-08,0.06171333333333333,0.039749504950495056,0.008416666666666664,,0.0074333333333333265,,,-0.03589214285714286,-0.018218018221224604
2026-09-09,-0.12902058823529414,0.027065384615384616,-0.17582666666666666,0.27642500000000003,-0.40027058823529416,,,-0.12092195121951221,-0.04827168964875851
2026-09-10,-0.24592121212121215,0.07253491124260356,-0.34372857142857144,-0.33468,-0.27374375,,,,-0.24761206656834006
2026-09-11,0.006077777777777778,-0.006387500000000002,0.050083333333333334,,-0.06828823529411765,,,0.4640525641025641,0.04456415021876338
2026-09-12,-0.2786857142857143,-0.041580392156862746,-0.28078000000000003,,-0.4612333333333334,,,,-0.02926656326824176
2026-09-13,-0.1259,-0.01865396825396826,0.23807999999999999,,-0.47427142857142857,-0.0496,,,-0.09578270287691847
2026-09-14,0.02288679245283019,0.030388321167883217,-0.35725714285714283,0.1448825,-0.21205999999999997,,,-0.028926153846153838,-0.5805139012736478
2026-09-15,0.056432692307692295,0.07820680272108843,-0.001985714285714289,0.16360285714285713,-0.2324125,0.03608,,0.3010186813186813,-0.07735149075114338
2026-09-16,-0.16410882352941175,-0.011062962962962964,0.08147499999999999,-0.06700833333333334,-0.37493333333333334,-0.30910000000000004,,0.4365947115384615,-0.30563602111665855
2026-09-17,-0.06346666666666667,-0.001195041322314051,-0.18616666666666667,0.0157,-0.13548333333333332,,,0.21518830409356726,0.09089474286841469
2026-09-18,-0.15909705882352942,-0.05493265306122448,-0.14781666666666668,-0.2379,-0.20585555555555557,0.044966666666666676,,0.058365333333333325,-0.19108061353817207
2026-09-19,-0.06296363636363637,-0.01821527777777778,0.10388333333333333,,-0.2765666666666667,-0.009128571428571439,,0.09125353535353536,-0.2361897872365197
2026-09-20,-0.125672,-0.0325925925925926,-0.17227857142857145,,-0.1826625,,,0.04928611111111112,-0.38726265616705335
2026-09-21,0.055497058823529406,0.010758695652173916,-0.04968461538461539,0.18685714285714283,0.04107142857142857,-0.27856000000000003,,0.06471076923076924,-0.07163225980060878
2026-09-22,-0.1233861111111111,-0.03238811188811189,-0.0851,,-0.22391363636363637,-0.014100000000000001,,-0.14157035573122528,0.0363749003983567
2026-09-23,-0.1309875,-0.017870588235294117,-0.3434153846153846,,-0.08217692307692309,-0.06354,,0.07489,-0.08000170161027105
2026-09-24,-0.3183483870967742,-0.10904160583941606,-0.35633333333333334,,-0.35366521739130435,,,0.17388125,-0.22122217800597987
2026-09-25,0.05956296296296296,0.15681639344262294,0.059300000000000005,0.16093333333333334,-0.33158888888888893,,,0.022403245436105484,-0.2461262179735117
2026-09-26,-0.24231999999999998,-0.015064948453608248,-0.11413333333333335,,-0.3095705882352941,,,0.11681944444444443,-0.6144469446796755
2026-09-27,-0.33979615384615386,-0.04230884955752212,0.11328333333333335,,-0.45336,,,0.2193642857142857,0.02987543426772784
2026-09-28,-0.05264615384615384,0.020091935483870966,0.04993076923076923,0.0,-0.14469285714285715,,,0.08139166666666665,-0.23084884933778504
2026-09-29,-0.18891428571428573,-0.02519189189189189,-0.3371,-0.03586,-0.36827894736842104,-0.04812222222222221,,0.2381123931623932,-0.49952355940426374
2026-09-30,-0.14705208333333333,-0.03732631578947369,0.0404,-0.01905000000000001,-0.3729,-0.08180000000000001,-0.21150000000000002,0.20940952380952382,0.0067876240272563455
2026-10-01,-0.2018848484848485,-0.020139000000000004,-0.3593272727272727,0.006755555555555552,-0.37948,-0.04196000000000001,,0.15642583333333332,0.13468483335457804
2026-10-02,-0.22888000000000003,-0.07289319371727748,-0.2548095238095238,,-0.39446923076923074,,,0.21062,0.06800278854455111
2026-10-03,-0.04306666666666667,0.048623571428571426,-0.06614999999999999,,,,,-0.07431446078431372,0.05731473773288274
2026-10-04,-0.017988235294117635,0.07285845070422535,0.006120000000000009,,,,,0.12716722689075632,0.27233310503547564
2026-10-05,0.036212499999999995,0.04302731958762887,0.007836363636363641,-0.050687499999999996,,0.21067999999999998,,0.31471368421052637,0.376239611472732
