asset,group,expected sign,beta (excess return % per +1pp P(sweep)),t,p,sign matches,n
FSLR,clean energy,+,0.34200874247922547,0.7324962740666846,0.4638657160565033,True,45
ENPH,clean energy,+,0.3991662895873012,1.4509116880059691,0.14680445287251565,True,45
NEE,clean energy,+,0.046012539351250444,0.3824790533737501,0.7021060629904652,True,45
CNC,ACA/Medicaid insurers,+,-0.23258258961763895,-1.155229047175181,0.24799664269305954,False,45
MOH,ACA/Medicaid insurers,+,-0.3701280200491709,-1.6957915430539516,0.08992536463190094,False,45
HCA,hospitals,+,-0.06750028070839448,-0.3051234319691339,0.7602721454869089,False,45
TGT,tariff-exposed importers,+,-0.06353056428041479,-0.4106124652612468,0.681356721924375,False,45
NKE,tariff-exposed importers,+,-0.04586890812504516,-0.35015703054427877,0.7262208524958779,False,45
XOM,oil & gas,-,-0.22107793640401294,-1.0639287402591475,0.28736098219841366,True,45
CVX,oil & gas,-,-0.17103161368082298,-0.8643587175448083,0.38739086351684693,True,45
GEO,private prisons/detention,-,-0.14743841214477071,-0.4924543610678027,0.6223981778932723,True,45
CXW,private prisons/detention,-,-0.4125647731863155,-1.0221656406398913,0.3067025099192292,True,45
COIN,crypto,-,-0.38487628775499355,-0.8495626846109626,0.3955682655691598,True,45
PLTR,federal enforcement tech,-,-0.31948690057547124,-0.7493772166052204,0.4536298791268897,True,45
winners,sub-basket,+,0.0009471510796391114,0.007396809420204041,0.9940982537813002,True,45
losers,sub-basket,-,-0.2760793206243979,-1.781307733701921,0.0748621917757006,True,45
spread,sub-basket,+,0.27702647170403694,1.546096547875322,0.1220812523994815,True,45
