topic,docs,share %,top terms,label,kind
0,295,4.2,"court, supreme, supreme court, restrictions, missouri, court blocks, mail, court rejects",Supreme Court rulings on mail ballots,process
1,382,5.5,"poll, poll shows, shows, finds, poll finds, lead, race, texas",Polls and horse race,process
2,325,4.6,"iran, war, iran war, end, war end, prices, gas, gas prices","Iran war, gas prices and cost of living",issue
3,303,4.3,"primary, results, primaries, primary results, florida, wisconsin, minnesota, tennessee",Primaries and results,process
4,352,5.0,"mail, ballots, mail ballots, order, judge, postal, postal service, usps",Mail-in voting and the Postal Service,process
5,139,2.0,"approval, rating, approval rating, low, record low, record, hits, falls",Trump approval rating,referendum
6,267,3.8,"races, key, key races, control, decide, texas, races decide, georgia",Key races to watch,process
7,204,2.9,"polls, lead, texas, district polls, ice, lead polls, blue, predictions",Why polls misfire / predictions,process
8,169,2.4,"data, data centers, centers, center, data center, backlash, issue, center backlash",Data centers and AI backlash,issue
9,129,1.8,"guide, register, nov, colorado, county, guide colorado, guide nov, mississippi",Voter guides and registration,process
10,275,3.9,"convention, dallas, texas, vance, takeaways, paxton, rally, pledge","GOP convention, Vance and Trump rallies",process
11,237,3.4,"ballot, mail ballot, ballot restrictions, restrictions, pretend, mail, pretend ballot, ballot rules",Ballot restrictions / what is on the ballot,process
12,3324,47.5,"congress, early, campaign, control, political, time, polling, administration",General campaign and control of Congress,general
13,210,3.0,"win, promises, plan, offers, congress, dividend, checks, checks win","GOP promises: dividend / $5,000 checks",issue
14,355,5.1,"congressional, district, congressional district, candidates, map, missouri, district polls, congressional map","Congressional districts, maps and local candidates",process
