direction,lag,F,p (F-test),p (permutation),lag-1 coef,series
dSentiment -> dP(sweep),1,0.15639598124919105,0.6939228996361541,0.7056471764117941,0.03734023126546141,Key-issue composite (main)
dSentiment -> dP(sweep),2,0.5134499135513887,0.6012172121167677,,,Key-issue composite (main)
dP(sweep) -> dSentiment,1,0.05960686887235666,0.8079654075998145,0.800599700149925,-0.03988244352420785,Key-issue composite (main)
dP(sweep) -> dSentiment,2,0.014895200087782655,0.9852190866161135,,,Key-issue composite (main)
dSentiment -> dP(sweep),1,0.1006506923304161,0.7521335282217889,0.7486256871564217,0.030988577872846222,All midterm coverage
dSentiment -> dP(sweep),2,0.11958950229688527,0.8875028042269894,,,All midterm coverage
dP(sweep) -> dSentiment,1,2.8193445747174737,0.09825026584242463,0.111944027986007,-0.2544166800544636,All midterm coverage
dP(sweep) -> dSentiment,2,1.0529207896806783,0.3554905209790153,,,All midterm coverage
dSentiment -> dP(sweep),1,0.0045023094059341235,0.9469201848038697,0.9405297351324338,0.008774765554313791,Economy & prices
dSentiment -> dP(sweep),2,0.14045740055061448,0.8695482313868994,,,Economy & prices
dP(sweep) -> dSentiment,1,2.026036654279197,0.16430087897580054,0.16241879060469766,-0.263347699373728,Economy & prices
dP(sweep) -> dSentiment,2,2.03783251566155,0.14855815141023393,,,Economy & prices
dSentiment -> dP(sweep),1,2.5825885798192187,0.12888620271173307,0.13693153423288357,-0.3047529973290974,Democracy & voting rules
dSentiment -> dP(sweep),2,1.7121217930756432,0.22175030469268067,,,Democracy & voting rules
dP(sweep) -> dSentiment,1,0.5907290298925713,0.45406905725301716,0.46026986506746626,0.22543818624261475,Democracy & voting rules
dP(sweep) -> dSentiment,2,0.4257264959595939,0.6627871568218624,,,Democracy & voting rules
dSentiment -> dP(sweep),1,0.9570839571233402,0.33526124697162524,0.35082458770614694,0.14934549094672556,Iran war & foreign policy
dSentiment -> dP(sweep),2,1.9972484115858045,0.1539462378684224,,,Iran war & foreign policy
dP(sweep) -> dSentiment,1,0.006296994799729225,0.937245546661054,0.9320339830084957,-0.014540857619059145,Iran war & foreign policy
dP(sweep) -> dSentiment,2,0.3000335360368272,0.7430651443166747,,,Iran war & foreign policy
dSentiment -> dP(sweep),1,0.5720118228882692,0.49155986948435126,0.4897551224387806,0.2604899149572187,"AI, data centers & tech"
dSentiment -> dP(sweep),2,3.275367806922206,0.36391953429711227,,,"AI, data centers & tech"
dP(sweep) -> dSentiment,1,0.03184191367591179,0.8670481796197107,0.8825587206396801,0.08266441889860618,"AI, data centers & tech"
dP(sweep) -> dSentiment,2,0.974267641509203,0.5823671044676769,,,"AI, data centers & tech"
dSentiment -> dP(sweep),1,0.000686995955621566,0.9791980233296622,0.9805097451274363,0.0035837739360526713,Party tone gap (Dem - Rep)
dSentiment -> dP(sweep),2,0.4292077745551546,0.6536616998674719,,,Party tone gap (Dem - Rep)
dP(sweep) -> dSentiment,1,0.16409507782271796,0.6872137096885611,0.6806596701649176,-0.06214100370565194,Party tone gap (Dem - Rep)
dP(sweep) -> dSentiment,2,0.2951545119406961,0.7458465760539328,,,Party tone gap (Dem - Rep)
dSentiment -> dP(sweep),1,0.0066417199497483806,0.9353227504212688,0.9355322338830585,-0.008296623750957733,"Key-issue composite, Hu-Liu (sign flipped)"
dSentiment -> dP(sweep),2,0.009093885145351182,0.990948802249464,,,"Key-issue composite, Hu-Liu (sign flipped)"
dP(sweep) -> dSentiment,1,0.026668732756453224,0.8708358904076464,0.8615692153923038,0.025446874789565824,"Key-issue composite, Hu-Liu (sign flipped)"
dP(sweep) -> dSentiment,2,1.465265648957092,0.23973683766833467,,,"Key-issue composite, Hu-Liu (sign flipped)"
