sentiment,return,direction,lag,F,p (F-test),p (permutation),lag-1 coef
Key-issue composite (main),winners,dSentiment -> return,1,3.8241686855496395,0.0575290957928321,0.0544727636181909,-0.1963525158172321
Key-issue composite (main),winners,dSentiment -> return,2,2.1795251572413097,0.12740209609587544,,
Key-issue composite (main),winners,return -> dSentiment,1,4.863694867927152,0.03323730094544558,0.03398300849575212,0.4311660422029921
Key-issue composite (main),winners,return -> dSentiment,2,1.5857346066301716,0.2184007646424125,,
Key-issue composite (main),losers,dSentiment -> return,1,0.05923705140213902,0.8089498027138005,0.8110944527736131,0.026368681590423448
Key-issue composite (main),losers,dSentiment -> return,2,0.37388225932634933,0.6906277239549046,,
Key-issue composite (main),losers,return -> dSentiment,1,0.0186632162786249,0.8920216852596538,0.8900549725137431,-0.027899650053493527
Key-issue composite (main),losers,return -> dSentiment,2,3.274235860040871,0.049060605224797466,,
Key-issue composite (main),spread,dSentiment -> return,1,1.0923016752816892,0.302236841221459,0.28785607196401797,-0.10946920194984973
Key-issue composite (main),spread,dSentiment -> return,2,2.4344003374015286,0.10156808424222163,,
Key-issue composite (main),spread,return -> dSentiment,1,1.8794649126914627,0.17803856090481399,0.16691654172913542,0.29131880280739764
Key-issue composite (main),spread,return -> dSentiment,2,4.422158839870651,0.018964871250952073,,
All midterm coverage,winners,dSentiment -> return,1,3.0615325333120653,0.08783508510456749,0.079960019990005,-0.1741368212911798
All midterm coverage,winners,dSentiment -> return,2,2.105203106267872,0.1361771780742161,,
All midterm coverage,winners,return -> dSentiment,1,1.2577138471868157,0.2687718663545031,0.2783608195902049,0.22207120865780927
All midterm coverage,winners,return -> dSentiment,2,0.33953786169840244,0.7142947177212404,,
All midterm coverage,losers,dSentiment -> return,1,0.03018336260077016,0.8629510953730172,0.8535732133933034,0.018650151022820433
All midterm coverage,losers,dSentiment -> return,2,0.11511014263974417,0.8915858893360314,,
All midterm coverage,losers,return -> dSentiment,1,0.05028350930150481,0.8237121624855588,0.8260869565217391,-0.044822902307675896
All midterm coverage,losers,return -> dSentiment,2,2.061252024120706,0.14166422259813224,,
All midterm coverage,spread,dSentiment -> return,1,0.8167587481279135,0.3715403735969943,0.3743128435782109,-0.09182238305147454
All midterm coverage,spread,dSentiment -> return,2,1.4297837867935497,0.2522778451197981,,
All midterm coverage,spread,return -> dSentiment,1,0.6981013736819495,0.40838557596239616,0.40379810094952523,0.1721266269507057
All midterm coverage,spread,return -> dSentiment,2,0.8919294091497595,0.4184928828880765,,
Party tone gap (Dem - Rep),winners,dSentiment -> return,1,0.902755618693458,0.3489510419586186,0.36281859070464767,0.13592475992897063
Party tone gap (Dem - Rep),winners,dSentiment -> return,2,0.18095633568727126,0.8353758555909843,,
Party tone gap (Dem - Rep),winners,return -> dSentiment,1,1.5333940132060977,0.22434086977022583,0.2128935532233883,-0.2396598434955778
Party tone gap (Dem - Rep),winners,return -> dSentiment,2,0.5459481976246481,0.5849390866773087,,
Party tone gap (Dem - Rep),losers,dSentiment -> return,1,0.04884285630387452,0.8264509316409807,0.823088455772114,-0.03359307236850337
Party tone gap (Dem - Rep),losers,dSentiment -> return,2,0.3243752559016343,0.7254829533884194,,
Party tone gap (Dem - Rep),losers,return -> dSentiment,1,0.09957002240834824,0.7543332158693925,0.7626186906546727,-0.05948151687536554
Party tone gap (Dem - Rep),losers,return -> dSentiment,2,0.09340538022167703,0.9110880238472261,,
Party tone gap (Dem - Rep),spread,dSentiment -> return,1,0.6470023874290914,0.4269434627631916,0.44227886056971516,0.11420352695686767
Party tone gap (Dem - Rep),spread,dSentiment -> return,2,0.32898868649324187,0.7222147110793494,,
Party tone gap (Dem - Rep),spread,return -> dSentiment,1,0.15560919940140222,0.6957695436536777,0.6821589205397302,-0.0760269728752074
Party tone gap (Dem - Rep),spread,return -> dSentiment,2,0.033270504585472684,0.9673125094830121,,
