stock,lag,F,p,p (Holm)
FSLR,1,4.689602255321409,0.03636538349517065,1.0
FSLR,2,2.5976089937576425,0.08797556208151258,1.0
ENPH,1,0.6649129144006145,0.4196599063897801,1.0
ENPH,2,2.3107025464825095,0.11333714092746616,1.0
NEE,1,0.060539733431191324,0.8069031222265219,1.0
NEE,2,0.11086406068240202,0.8953566065475096,1.0
CNC,1,1.3344719874611248,0.25486547492145245,1.0
CNC,2,0.8731293155954465,0.42607013494139134,1.0
MOH,1,0.9791052652064164,0.3283679042117021,1.0
MOH,2,1.0692729242870238,0.3536268289912863,1.0
HCA,1,0.0014973458115111707,0.9693256067406621,1.0
HCA,2,0.37558410193890013,0.6894766793684581,1.0
TGT,1,0.7623887641864799,0.3877937416109425,1.0
TGT,2,0.23141252846353913,0.7945517647827617,1.0
NKE,1,2.2503173370725536e-05,0.9962386286087974,1.0
NKE,2,0.19267371053496538,0.8255732427303908,1.0
XOM,1,0.09250310772277166,0.7625954173231293,1.0
XOM,2,1.8891561156325045,0.1654972678393321,1.0
CVX,1,0.007821737560457447,0.9299678180657199,1.0
CVX,2,0.8983022400164481,0.4159567003006343,1.0
GEO,1,0.5581553212287976,0.4593737686351324,1.0
GEO,2,1.051621338843476,0.35958005185714426,1.0
CXW,1,0.841742887915652,0.3643977872956337,1.0
CXW,2,0.0717882945740274,0.9308572264902163,1.0
COIN,1,0.9478624148992381,0.33611512978427044,1.0
COIN,2,0.4847288464586252,0.6197201268394834,1.0
PLTR,1,0.3287418198630255,0.5696105954589512,1.0
PLTR,2,0.3148463427838238,0.7318371840145872,1.0
